frame,angle_similarity_percentage,position_similarity_percentage,average_similarity
0,100.0,100.0,100.0
1,99.99999999999997,100.0,99.99999999999999
2,100.0,100.0,100.0
3,99.99999999999997,100.0,99.99999999999999
4,99.99999999999997,100.0,99.99999999999999
5,99.99999999999997,100.0,99.99999999999999
6,100.0,100.0,100.0
7,100.0,100.0,100.0
8,99.99999999999999,100.0,100.0
9,100.0,100.0,100.0
10,100.0,100.0,100.0
11,100.0,100.0,100.0
12,100.0,100.0,100.0
13,99.99999999999997,100.0,99.99999999999999
14,99.99999999999997,100.0,99.99999999999999
15,100.0,100.0,100.0
16,100.0,100.0,100.0
17,100.0,100.0,100.0
18,100.0,100.0,100.0
19,100.0,100.0,100.0
20,100.0,100.0,100.0
21,100.0,100.0,100.0
22,99.99999999999997,100.0,99.99999999999999
23,100.0,100.0,100.0
24,100.0,100.0,100.0
25,100.0,100.0,100.0
26,100.0,100.0,100.0
27,100.0,100.0,100.0
28,100.0,100.0,100.0
29,100.0,100.0,100.0
30,100.0,100.0,100.0
31,100.0,100.0,100.0
32,99.99999999999997,100.0,99.99999999999999
33,100.0,100.0,100.0
34,100.0,100.0,100.0
35,100.0,100.0,100.0
36,100.0,100.0,100.0
37,100.0,100.0,100.0
38,100.0,100.0,100.0
39,99.99999999999997,100.0,99.99999999999999
40,100.0,100.0,100.0
41,100.0,100.0,100.0
42,100.0,100.0,100.0
43,99.99999999999997,100.0,99.99999999999999
44,100.0,100.0,100.0
45,99.99999999999997,100.0,99.99999999999999
46,100.0,100.0,100.0
47,100.0,100.0,100.0
48,100.0,100.0,100.0
49,100.0,100.0,100.0
50,100.0,100.0,100.0
51,99.99999999999997,100.0,99.99999999999999
52,100.0,100.0,100.0
53,99.99999999999997,100.0,99.99999999999999
54,99.99999999999997,100.0,99.99999999999999
55,100.0,100.0,100.0
56,100.0,100.0,100.0
57,99.99999999999999,100.0,100.0
58,100.0,100.0,100.0
59,100.0,100.0,100.0
60,99.99999999999997,100.0,99.99999999999999
61,100.0,100.0,100.0
62,100.0,100.0,100.0
63,100.0,100.0,100.0
64,100.0,100.0,100.0
65,100.0,100.0,100.0
66,100.0,100.0,100.0
67,99.99999999999997,100.0,99.99999999999999
68,100.0,100.0,100.0
69,100.0,100.0,100.0
70,100.0,100.0,100.0
71,100.0,100.0,100.0
72,100.0,100.0,100.0
73,100.0,100.0,100.0
74,100.0,100.0,100.0
75,100.0,100.0,100.0
76,100.0,100.0,100.0
77,100.0,100.0,100.0
78,100.0,100.0,100.0
79,100.0,100.0,100.0
80,100.0,100.0,100.0
81,99.99999999999997,100.0,99.99999999999999
82,100.0,100.0,100.0
83,100.0,100.0,100.0
84,100.0,100.0,100.0
85,99.99999999999999,100.0,100.0
86,100.0,100.0,100.0
87,99.99999999999999,100.0,100.0
88,99.99999999999999,100.0,100.0
89,100.0,100.0,100.0
90,99.99999999999997,100.0,99.99999999999999
91,100.0,100.0,100.0
92,100.0,100.0,100.0
93,100.0,100.0,100.0
94,99.99999999999997,100.0,99.99999999999999
95,100.0,100.0,100.0
96,100.0,100.0,100.0
97,100.0,100.0,100.0
98,100.0,100.0,100.0
99,99.99999999999997,100.0,99.99999999999999
100,100.0,100.0,100.0
101,100.0,100.0,100.0
102,99.99999999999999,100.0,100.0
103,100.0,100.0,100.0
104,99.99999999999999,100.0,100.0
105,100.0,100.0,100.0
106,100.0,100.0,100.0
107,100.0,100.0,100.0
108,100.0,100.0,100.0
109,100.0,100.0,100.0
110,99.99999999999997,100.0,99.99999999999999
111,99.99999999999997,100.0,99.99999999999999
112,100.0,100.0,100.0
113,100.0,100.0,100.0
114,100.0,100.0,100.0
115,100.0,100.0,100.0
116,100.0,100.0,100.0
117,100.0,100.0,100.0
118,100.0,100.0,100.0
119,100.0,100.0,100.0
120,100.0,100.0,100.0
121,100.0,100.0,100.0
122,100.0,100.0,100.0
123,99.99999999999999,100.0,100.0
124,99.99999999999999,100.0,100.0
125,100.0,100.0,100.0
126,99.99999999999999,100.0,100.0
127,100.0,100.0,100.0
128,100.0,100.0,100.0
129,100.0,100.0,100.0
130,100.0,100.0,100.0
131,100.0,100.0,100.0
132,100.0,100.0,100.0
133,100.0,100.0,100.0
134,100.0,100.0,100.0
135,99.99999999999999,100.0,100.0
136,100.0,100.0,100.0
137,99.99999999999999,100.0,100.0
138,100.0,100.0,100.0
139,100.0,100.0,100.0
140,100.0,100.0,100.0
141,100.0,100.0,100.0
142,99.99999999999999,100.0,100.0
143,100.0,100.0,100.0
144,100.0,100.0,100.0
145,100.0,100.0,100.0
146,100.0,100.0,100.0
147,100.0,100.0,100.0
148,100.0,100.0,100.0
149,100.0,100.0,100.0
150,100.0,100.0,100.0
151,100.0,100.0,100.0
152,99.99999999999999,100.0,100.0
153,100.0,100.0,100.0
154,99.99999999999997,100.0,99.99999999999999
155,100.0,100.0,100.0
156,100.0,100.0,100.0
157,99.99999999999997,100.0,99.99999999999999
158,100.0,100.0,100.0
159,100.0,100.0,100.0
160,100.0,100.0,100.0
161,100.0,100.0,100.0
162,100.0,100.0,100.0
163,100.0,100.0,100.0
164,100.0,100.0,100.0
165,99.99999999999997,100.0,99.99999999999999
166,100.0,100.0,100.0
167,100.0,100.0,100.0
168,100.0,100.0,100.0
169,99.99999999999999,100.0,100.0
170,100.0,100.0,100.0
171,100.0,100.0,100.0
172,100.0,100.0,100.0
173,100.0,100.0,100.0
174,100.0,100.0,100.0
175,100.0,100.0,100.0
176,100.0,100.0,100.0
177,100.0,100.0,100.0
178,100.0,100.0,100.0
179,100.0,100.0,100.0
